Name(Seed 0),Org,,,2prob,,,Presolving Runtime
30n20b8,139.015654,-1,-1,169.384411,-1,-1,3.768224491
50v-10,1800,3254.806442,3348.479996,1800,3252.262121,3317.379991,0.01394693
academictimetablesmall,1800,Inf,Inf,1800,Inf,Inf,0.999607837
air05,40.057208,-1,-1,44.996522,-1,-1,2.644012694
assign1-5-8,1800,199.0153983,212,1800,199.8839901,212,0.009901436
atlanta-ip,1800,84.14205579,91.01005543,1800,82.91833673,93.01013811,3.240352578
b1c1s1,1800,21162.59005,25351.43,1800,21269.05658,25083.77,0.006639001
bab2,1800,Inf,Inf,1800,Inf,Inf,29.57730825
bab6,1800,Inf,Inf,1800,Inf,Inf,15.92541739
binkar10_1,54.407798,-1,-1,39.42302875,-1,-1,0.019868949
blp-ar98,1800,6175.187915,6211.714858,1800,6170.242996,6259.126459,1.608276265
blp-ic98,1800,4440.679465,4645.982648,1800,4445.896492,4543.477278,0.993118183
bnatt400,276.246939,-1,-1,249.9816501,-1,-1,0.079064426
bnatt500,1083.766909,-1,-1,1024.815036,-1,-1,0.097855184
bppc4-08,1800,52,53,1800,52,53,0.63573959
brazil3,1800,Inf,Inf,1800,Inf,Inf,5.413010954
chromaticindex1024-7,1800,3,4,1800,3,4,2.892265142
chromaticindex512-7,1800,3,4,1800,3,4,1.269844583
cmflsp50-24-8-8,1800,Inf,Inf,1800,Inf,Inf,0.103322261
co-100,1800,2.04E+06,1.07E+07,1800,1.98E+06,2.69E+06,30.55848515
comp07-2idx,1800,6,188,1800,6,162,0.255361642
comp21-2idx,1800,39.96901408,200,1800,40.22319347,178,0.149815123
cost266-UUE,1800,2.45E+07,2.51E+07,1800,2.42E+07,2.51E+07,0.036115641
cryptanalysiskb128n5obj14,1800,Inf,Inf,1800,Inf,Inf,2.898120064
cryptanalysiskb128n5obj16,1800,Inf,Inf,1800,Inf,Inf,2.921693156
csched007,1800,324.7146541,351,1800,328.4685492,353,0.173567659
csched008,495.672378,-1,-1,807.543092,-1,-1,0.123120567
cvs16r128-89,1800,-110.9224615,-96,1800,-110.9224615,-96,0.104139768
dano3_3,114.311682,-1,-1,120.1827644,-1,-1,0.025252204
dano3_5,361.324328,-1,-1,371.7407238,-1,-1,0.034950805
decomp2,4.063606,-1,-1,2.2168345,-1,-1,0.240454696
drayage-100-23,11.106182,-1,-1,3.50506965,-1,-1,2.193316694
drayage-25-23,23.527711,-1,-1,130.8688756,-1,-1,4.264025977
dws008-01,1800,24857.14594,43265.19887,1800,23607.27936,37412.6046,2.290258464
eil33-2,138.771586,-1,-1,260.3056705,-1,-1,14.44369451
enlight_hard,0.010379,-1,-1,0.00622915,-1,-1,0.008904848
ex10,198.505008,-1,-1,193.7638383,-1,-1,19.02399156
ex9,27.350183,-1,-1,22.32490405,-1,-1,11.13039197
fastxgemm-n2r6s0t2,977.76477,-1,-1,923.6474902,-1,-1,0
fhnw-binpack4-4,1800,Inf,Inf,1800,Inf,Inf,0.019622361
fhnw-binpack4-48,1800,Inf,Inf,1800,Inf,Inf,0.300516308
fiball,1747.73982,-1,-1,168.2825393,-1,-1,3.115611909
germanrr,1800,Inf,Inf,1800,4.68E+07,4.84E+07,2.397658111
gfd-schedulen180f7d50m30k18,1800,Inf,Inf,1800,Inf,Inf,10.99249637
glass4,400.880531,-1,-1,227.8267067,-1,-1,0.022776078
gmu-35-40,1800,-2.41E+06,-2.41E+06,1800,-2.41E+06,-2.41E+06,0.076885671
gmu-35-50,1800,-2.61E+06,-2.61E+06,1800,-2.61E+06,-2.61E+06,0.157554971
graph20-20-1rand,9.16059,-1,-1,10.15906915,-1,-1,0.09143443
graphdraw-domain,1128.474458,-1,-1,846.5430155,-1,-1,0.00963713
h80x6320d,113.843417,-1,-1,84.62589075,-1,-1,1.439313721
highschool1-aigio,1800,Inf,Inf,1800,Inf,Inf,27.28225393
hypothyroid-k1,27.617016,-1,-1,25.89614595,-1,-1,11.92655889
irish-electricity,1800,Inf,Inf,1800,Inf,Inf,3.350020368
irp,20.615108,-1,-1,24.1204202,-1,-1,5.944263209
istanbul-no-cutoff,173.314211,-1,-1,69.7850069,-1,-1,0.043936092
k1mushroom,1800,Inf,Inf,1800,Inf,Inf,13.82941954
lectsched-5-obj,1800,15,45,1800,15,45,0
leo1,1800,4.00E+08,4.04E+08,1800,4.01E+08,4.05E+08,1.01780159
leo2,1800,3.94E+08,4.24E+08,1800,3.95E+08,4.22E+08,1.022897009
lotsize,1800,1.47E+06,1.48E+06,1800,1.47E+06,1.50E+06,0.017930623
mad,1800,2.00E-15,0.0574,1800,1.78E-15,0.0666,0.030736543
map10,1155.609426,-1,-1,851.1764866,-1,-1,4.619794957
map16715-04,1800,-154.6372239,-111,1800,-171.8232726,-111,4.628792549
markshare_4_0,262.36443,-1,-1,248.2523442,-1,-1,0.002116412
markshare2,1800,0,19,1800,0,14,0.006219408
mas74,1800,11542.77654,11801.18573,1800,11546.3951,11801.18573,0.010564959
mas76,134.471196,-1,-1,126.4238682,-1,-1,0.015720045
mcsched,280.768939,-1,-1,249.6798759,-1,-1,0.024697381
mik-250-20-75-4,54.335889,-1,-1,44.9314432,-1,-1,0.023752157
milo-v12-6-r2-40-1,1800,323810.8788,326481.1428,1800,322222.9687,326481.1428,0.029860267
momentum1,1800,96579.82135,147710.5638,1800,96408.09598,141340.9311,1.687145086
mushroom-best,1800,0.027327428,0.055333761,1800,0.03529164,0.055333761,0.093071032
mzzv11,627.502362,-1,-1,545.13985,-1,-1,2.946553059
mzzv42z,409.237936,-1,-1,335.4521953,-1,-1,2.167223067
n2seq36q,1800,52000,52200,432.7178361,-1,-1,4.388836227
neos-1122047,16.572468,-1,-1,14.98075995,-1,-1,0.0385965
neos-1171448,40.007528,-1,-1,10.72681955,-1,-1,0.097898594
neos-1354092,1800,Inf,Inf,1800,Inf,Inf,3.845268239
neos-1456979,1800,160.5747126,189,1800,159.2830469,190,1.260586609
neos-1582420,43.908612,-1,-1,41.72833295,-1,-1,0.102526539
neos-2075418-temuka,1800,Inf,Inf,1800,Inf,Inf,3.387600697
neos-2657525-crna,1800,0,1.810748,1800,0,8.0666482,0.021492538
neos-2746589-doon,1800,2006.089796,2008.2,1800,2006.089796,2011.9,1.957240564
neos-2978193-inde,1800,-2.415546686,-2.388061686,1800,-2.397023516,-2.388061686,0.042052815
neos-3004026-krka,189.246916,-1,-1,168.0066659,-1,-1,0.789063255
neos-3046615-murg,1800,541.4542345,1602,1800,520.6590909,1608,0.008525706
neos-3216931-puriri,1800,61425.52993,131305,1800,63952.68944,151410,0.753468528
neos-3402294-bobin,1800,0.025626,0.06725,1800,0.041858,0.0685,1.634736425
neos-3402454-bohle,1800,Inf,Inf,1800,Inf,Inf,9.803630783
neos-3555904-turama,1800,-40.95,-25.3,1800,-40.95,-34.7,12.53463794
neos-3627168-kasai,1800,987309.8066,988585.62,1800,987434.8152,988585.62,0.029701227
neos-3656078-kumeu,1800,Inf,Inf,1800,Inf,Inf,1.226913721
neos-3754480-nidda,1800,-300985.2232,13511.43464,1800,-320794.9685,13212.88355,0.0034433
neos-3988577-wolgan,1800,Inf,Inf,1798.219634,Inf,Inf,1.78036607
neos-4300652-rahue,1800,0.229583333,2.9733,1800,0.059926667,2.7784,2.689572973
neos-4387871-tavua,1800,28.09989661,35.1421,1800,27.49531518,33.38473,0.098003923
neos-4413714-turia,1800,45.01829851,47.34351696,1800,Inf,Inf,0
neos-4532248-waihi,1800,Inf,Inf,1800,Inf,Inf,24.78893247
neos-4647030-tutaki,1800,27265.24138,27268.4815,1800,27265.19282,27268.4815,0.395782873
neos-4722843-widden,527.468139,-1,-1,700.0016936,-1,-1,5.376394853
neos-4738912-atrato,632.910915,-1,-1,521.5845154,-1,-1,0.049318384
neos-4763324-toguru,1800,1194.822053,6970.541931,1800,1192.237301,6970.541931,8.322119958
neos5,842.676445,-1,-1,793.3265501,-1,-1,0.004266024
neos-5049753-cuanza,1800,Inf,Inf,1800,Inf,Inf,5.12027468
neos-5052403-cygnet,1800,179.5107743,300,1800,179.5107743,300,17.20944359
neos-5104907-jarama,1800,Inf,Inf,1800,Inf,Inf,13.66068118
neos-5114902-kasavu,1800,Inf,Inf,1800,Inf,Inf,22.84616409
neos-5188808-nattai,1800,8.67E-19,0.115010644,1800,0.0171875,0.110287132,0.243712034
neos-5195221-niemur,1800,0.00123293,0.003835496,1702.615717,-1,-1,1.789724672
neos-631710,1800,188.25,218,1800,188.25,214,29.00908931
neos-662469,1800,184368.7487,184535,1800,184368.9733,184568.5,2.785496026
neos-787933,2.800299,-1,-1,2.6401488,-1,-1,2.951989126
neos8,12.022708,-1,-1,4.8774558,-1,-1,20.88342219
neos-827175,11.295817,-1,-1,11.03468795,-1,-1,3.143370677
neos-848589,1800,2350.687064,2351.4031,1322.26471,-1,-1,3.986849486
neos-860300,30.573957,-1,-1,31.8968048,-1,-1,11.76498539
neos-911970,72.405577,-1,-1,54.61944535,-1,-1,0.101529152
neos-933966,1800,318,319,1476.162377,-1,-1,0.62416226
neos-950242,432.857152,-1,-1,1800,2.25,4,0.243065086
neos-957323,149.625473,-1,-1,170.1464773,-1,-1,4.124646153
neos-960392,1649.606377,-1,-1,1800,-238,-237,3.277022181
net12,669.283211,-1,-1,440.4938549,-1,-1,0.4032253
netdiversion,1051.376982,-1,-1,672.8839512,-1,-1,9.211832068
nexp-150-20-8-5,1800,229.5488836,240,1588.986681,-1,-1,0.332325864
ns1116954,1800,Inf,Inf,1800,Inf,Inf,13.74089057
ns1208400,1800,Inf,Inf,356.07501,-1,-1,0.319765992
ns1644855,1800,-1524.333333,-1420.333333,1800,-1524.333333,-1420.333333,13.29162597
ns1760995,1800,-1233.865232,-429.3570897,1800,-1095.398808,-418.8167834,5.558315761
ns1830653,176.496457,-1,-1,189.7653101,-1,-1,0.680091189
nu25-pr12,5.509859,-1,-1,7.77998985,-1,-1,0.089562169
nursesched-medium-hint03,1800,Inf,Inf,1800,Inf,Inf,5.679530934
nursesched-sprint02,189.03072,-1,-1,18.1930833,-1,-1,2.006663711
nw04,57.536419,-1,-1,42.2240952,-1,-1,30.70610701
peg-solitaire-a3,1800,Inf,Inf,1800,Inf,Inf,0.862939886
physiciansched3-3,1800,Inf,Inf,1800,Inf,Inf,2.407898167
physiciansched6-2,65.803899,-1,-1,78.84123245,-1,-1,4.118557094
piperout-08,21.453098,-1,-1,27.24066575,-1,-1,8.806889919
piperout-27,33.122832,-1,-1,26.6104101,-1,-1,6.964965751
pk1,157.862799,-1,-1,144.9118781,-1,-1,0.010223206
proteindesign121hz512p9,1800,1435.673542,1509,1800,1438.123343,1496,5.179770721
proteindesign122trx11p8,1800,1730.898489,1767,1800,1730.275141,1782,5.162537458
qap10,56.267337,-1,-1,90.7167179,-1,-1,18.9020063
radiationm18-12-05,1800,17563.90909,19522,1800,17563.2955,17903,3.028345049
radiationm40-10-02,1800,155321.4046,225795,1800,155320.626,224196,11.77441984
rail01,1800,Inf,Inf,1800,Inf,Inf,13.43624068
rail02,1800,Inf,Inf,1800,Inf,Inf,18.20068074
ran14x18-disj-8,1800,3683.46814,3712,1800,3682.553762,3712,0.02935527
rd-rplusc-21,1800,100,171924.3698,1800,100,170659.1656,12.61238333
reblock115,1800,-3.69E+07,-3.68E+07,1800,-3.69E+07,-3.68E+07,1.671838863
rmatr100-p10,202.5579,-1,-1,192.7956771,-1,-1,0.024760696
rmatr200-p5,1800,3289.649437,4521,1800,3289.649437,4521,0.150227959
rocI-4-11,142.630643,-1,-1,169.0984411,-1,-1,0.418828737
rocII-5-11,1800,-11.79015501,-5.674556556,1800,-11.7871909,-6.661558765,0.988896542
rococoB10-011000,1800,16456.94509,20153,1800,16313.90019,19547,0.427460951
rococoC10-001000,1494.26523,-1,-1,753.7095845,-1,-1,0.317048667
roi2alpha3n4,1800,-67.28439374,-63.20849208,1800,-69.08982349,-63.20849208,0.913788703
roi5alpha10n8,1800,-70.91392413,-48.15203596,1800,-70.76549605,-47.97950828,14.47655332
roll3000,60.35056,-1,-1,34.79750535,-1,-1,0.099799769
s100,1800,-0.170310509,-0.005,1800,-0.170291719,-0.01,28.81604483
s100,1800,-0.170310509,-0.005,1800,-0.170291719,-0.01,28.81604483
s250r10,1800,-0.172604187,-0.169853236,1800,-0.172418798,-0.171749975,28.73647546
satellites2-40,1800,-29,49,1800,-29,49,24.1032514
satellites2-60-fs,1800,-29,23,1800,-29,44,19.84243433
savsched1,1800,-801160.3,31859.6,1800,-801160.3,31859.6,15.28134359
sct2,1800,-231.0635671,-230.9891623,1800,-231.0635671,-230.9891623,0.292875632
seymour1,63.914216,-1,-1,59.5620968,-1,-1,0.01414996
sing326,1800,7.74E+06,7.80E+06,1800,7.74E+06,7.78E+06,3.914391274
sing44,1800,8.11E+06,8.14E+06,1800,8.11E+06,8.15E+06,3.32359047
sp97ar,1800,6.57E+08,6.85E+08,1800,6.57E+08,6.85E+08,4.294037242
sp98ar,1800,5.28E+08,5.30E+08,1800,5.28E+08,5.30E+08,2.441498839
splice1k1,1800,-1645.858154,-121,1800,Inf,Inf,18.31623668
square41,1800,8.897598047,26,1800,8.88177238,26,30.9001703
square47,1800,8.755813953,29,1800,8.755813953,29,30.02816898
supportcase10,1800,1.525083921,17,1800,1.44997722,14,11.79037449
supportcase18,1800,47.18666667,50,1800,47.18666667,49,3.427411913
supportcase19,1800,Inf,Inf,1800,Inf,Inf,0
supportcase22,1800,Inf,Inf,1800,Inf,Inf,0.782372532
supportcase33,303.547651,-1,-1,580.5162084,-1,-1,28.84165634
supportcase6,1800,46833.13797,51922.03256,1800,46752.92144,51906.47737,26.61043533
supportcase7,287.710054,-1,-1,309.9362565,-1,-1,1.119456754
swath1,21.404425,-1,-1,21.01961355,-1,-1,2.098100525
swath3,219.58627,-1,-1,710.200393,-1,-1,2.507780942
tbfp-network,949.753971,-1,-1,1037.251616,-1,-1,22.83954147
tr12-30,685.052693,-1,-1,832.5316422,-1,-1,0.015395831
traininstance2,1800,0,78230,1800,0,80360,24.40283452
traininstance6,1800,3720,28530,1800,2140.50609,28420,25.23069749
trento1,1800,5.18E+06,5.29E+06,1800,5.18E+06,5.29E+06,1.061244692
triptim1,896.022096,-1,-1,589.3426584,-1,-1,1.297144596
uccase9,1800,10874.20784,11327.91081,1800,10868.22279,11723.58601,0
uct-subprob,1781.629875,-1,-1,1800,301.134171,314,0.11045514
unitcal_7,603.512432,-1,-1,640.7775109,-1,-1,0.368870185
var-smallemery-m6j6,1800,-152.3689375,-147.25,1800,-151.8668833,-149.375,0.058722775
wachplan,1800,-9,-8,1620.948852,-1,-1,1.411719493
