30n20b8,7.768224491000001,2069
50v-10,0.01394693,7
academictimetablesmall,0.9996078369999999,368
air05,6.644012694000001,1003
assign1-5-8,0.009901436,74
atlanta-ip,3.240352578,1376
b1c1s1,0.006639001,21
bab2,29.577308246,1689
bab6,15.925417389,1312
binkar10_1,0.019868949,76
blp-ar98,1.6082762649999998,543
blp-ic98,0.9931181830000001,572
bnatt400,0.079064426,428
bnatt500,0.097855184,504
bppc4-08,0.63573959,946
brazil3,5.413010953999999,3144
chromaticindex1024-7,2.892265142,1968
chromaticindex512-7,1.2698445830000002,1968
cmflsp50-24-8-8,0.103322261,368
co-100,30.558485149,289
comp07-2idx,0.255361642,368
comp21-2idx,0.149815123,368
cost266-UUE,0.036115641,114
cryptanalysiskb128n5obj14,2.898120064,2071
cryptanalysiskb128n5obj16,2.921693156,2070
csched007,0.173567659,437
csched008,0.123120567,408
cvs16r128-89,0.104139768,368
dano3_3,0.025252204,41
dano3_5,0.034950805,70
decomp2,0.240454696,448
drayage-100-23,4.193316694,818
drayage-25-23,4.264025976999999,844
dws008-01,2.290258464,2304
eil33-2,19.44369451,717
enlight_hard,0.008904848,32
ex10,19.023991555999995,947
ex9,21.130391967999998,1967
fastxgemm-n2r6s0t2,0
fhnw-binpack4-4,0.019622361,100
fhnw-binpack4-48,0.300516308,214
fiball,3.115611909,368
germanrr,2.397658111,31
gfd-schedulen180f7d50m30k18,10.992496366,2653
glass4,0.022776078,266
gmu-35-40,0.076885671,468
gmu-35-50,0.157554971,569
graph20-20-1rand,0.09143443,368
graphdraw-domain,0.00963713,108
h80x6320d,1.439313721,1264
highschool1-aigio,27.282253929999996,3920
hypothyroid-k1,19.926558894000003,207
irish-electricity,3.3500203679999996,2138
irp,10.944263208999999,255
istanbul-no-cutoff,0.043936092,22
k1mushroom,13.829419543,290
lectsched-5-obj,0
leo1,1.01780159,368
leo2,1.022897009,368
lotsize,0.017930623,23
mad,0.030736543,180
map10,4.619794957,113
map16715-04,4.628792548999999,113
markshare_4_0,0.002116412,22
markshare2,0.006219408,49
mas74,0.010564959,134
mas76,0.015720045,134
mcsched,0.024697381,97
mik-250-20-75-4,0.023752157,92
milo-v12-6-r2-40-1,0.029860267,210
momentum1,1.687145086,585
mushroom-best,0.093071032,98
mzzv11,2.946553059,2859
mzzv42z,2.167223067,2442
n2seq36q,4.388836227,666
neos-1122047,0.0385965,86
neos-1171448,0.097898594,441
neos-1354092,3.845268239,368
neos-1456979,1.260586609,620
neos-1582420,0.102526539,368
neos-2075418-temuka,3.387600697,368
neos-2657525-crna,0.021492538,73
neos-2746589-doon,1.9572405640000001,368
neos-2978193-inde,0.042052815,20
neos-3004026-krka,0.7890632550000001,1968
neos-3046615-murg,0.008525706,120
neos-3216931-puriri,0.753468528,799
neos-3402294-bobin,1.6347364249999998,560
neos-3402454-bohle,9.803630783000001,560
neos-3555904-turama,12.534637935000003,596
neos-3627168-kasai,0.029701227,367
neos-3656078-kumeu,1.2269137209999998,2115
neos-3754480-nidda,0.0034433,40
neos-3988577-wolgan,1.78036607,2004
neos-4300652-rahue,2.689572973,1305
neos-4387871-tavua,0.098003923,434
neos-4413714-turia,0
neos-4532248-waihi,24.788932471000003,3256
neos-4647030-tutaki,0.395782873,1600
neos-4722843-widden,5.376394852999999,3315
neos-4738912-atrato,0.049318384,73
neos-4763324-toguru,8.322119958000002,1817
neos-5049753-cuanza,5.1202746800000005,1168
neos-5052403-cygnet,17.209443590000003,3920
neos-5104907-jarama,13.660681183000001,2225
neos-5114902-kasavu,22.846164092,2692
neos-5188808-nattai,0.243712034,218
neos-5195221-niemur,1.7897246720000002,3336
neos-631710,29.009089313,3469
neos-662469,2.7854960259999997,1139
neos-787933,2.9519891259999995,368
neos-827175,3.1433706769999996,2061
neos-848589,3.9868494859999997,368
neos-860300,11.764985388,816
neos-911970,0.101529152,368
neos-933966,0.6241622600000001,368
neos-950242,0.243065086,657
neos-957323,4.1246461530000005,518
neos-960392,3.277022181,665
neos5,0.004266024,43
neos8,20.883422186000004,27
net12,0.4032253,1040
netdiversion,9.211832068,3387
nexp-150-20-8-5,0.33232586399999997,1008
ns1116954,13.740890569000001,3057
ns1208400,0.319765992,368
ns1644855,13.291625965999998,3200
ns1760995,5.558315761,862
ns1830653,0.680091189,537
nu25-pr12,0.089562169,405
nursesched-medium-hint03,5.679530934,368
nursesched-sprint02,2.0066637110000003,368
nw04,30.706107013,14
peg-solitaire-a3,0.8629398859999999,1605
physiciansched3-3,2.407898167,509
physiciansched6-2,4.118557094,1841
piperout-08,12.806889919,3441
piperout-27,11.964965751000001,3348
pk1,0.010223206,45
proteindesign121hz512p9,5.179770721,564
proteindesign122trx11p8,5.162537458,506
qap10,18.902006299,1554
radiationm18-12-05,3.028345049,3732
radiationm40-10-02,11.774419837000002,3920
rail01,13.436240677,1057
rail02,18.200680739,2652
ran14x18-disj-8,0.02935527,202
rd-rplusc-21,12.612383325,388
reblock115,1.671838863,892
rmatr100-p10,0.024760696,84
rmatr200-p5,0.150227959,176
rocI-4-11,0.418828737,2370
rocII-5-11,0.988896542,251
rococoB10-011000,0.427460951,801
rococoC10-001000,0.317048667,630
roi2alpha3n4,0.913788703,143
roi5alpha10n8,14.476553321999997,564
roll3000,0.099799769,365
s100,32.816044833999996,62
s250r10,28.736475458999998,325
satellites2-40,24.103251404999998,1883
satellites2-60-fs,19.842434331,1133
savsched1,15.281343588999999,368
sct2,0.292875632,963
seymour1,0.01414996,23
sing326,3.9143912739999998,1304
sing44,3.32359047,1246
sp97ar,4.294037242,368
sp98ar,2.441498839,368
splice1k1,18.316236676,703
square41,70.900170297,16
square47,154.028168983,16
supportcase10,11.790374494999998,3040
supportcase18,3.427411913,3488
supportcase19,0
supportcase22,0.7823725319999999,368
supportcase33,28.841656336999996,1210
supportcase6,26.610435331,192
supportcase7,1.119456754,270
swath1,2.098100525,1663
swath3,2.507780942,2006
tbfp-network,22.839541470000004,1051
tr12-30,0.015395831,19
traininstance2,24.402834517000002,1090
traininstance6,25.230697489,891
trento1,1.061244692,2244
triptim1,1.2971445959999999,980
uccase9,0
uct-subprob,0.11045514,130
unitcal_7,0.368870185,588
var-smallemery-m6j6,0.058722775,23
wachplan,1.411719493,828
